{
    "4": {
        "train_acc": 0.9861000180244446,
        "test_acc": 0.9423999786376953,
        "random_acc": 0.5184
    },
    "5": {
        "train_acc": 0.9258000254631042,
        "test_acc": 0.8263999819755554,
        "random_acc": 0.5264
    },
    "6": {
        "train_acc": 0.8373000025749207,
        "test_acc": 0.6244000196456909,
        "random_acc": 0.488
    },
    "7": {
        "train_acc": 0.8047000169754028,
        "test_acc": 0.4952000081539154,
        "random_acc": 0.5052
    },
    "8": {
        "train_acc": 0.8349999785423279,
        "test_acc": 0.48919999599456787,
        "random_acc": 0.4868
    }
}